case,nit_noP,nit_P,adj_nit_noP,adj_nit_P,n,res,dres
cryg10000,0,3,0,2,10000,19950.400815248133,58459.642498112415
